Jonathan,Reyes,jonathan@corre.com,555-555-55,2017-02-12
Evan,Dickinson,rae@nicolas.org,1-724-657-5569 x101,2017-05-19
Carolyne,Stehr,harry.lynch@homenickkris.biz,(486) 592-6550 x589,2017-05-26
Dahlia,Lind,elvera@gorczany.info,(894) 560-5013 x6030,2017-01-27
Jayne,Cummerata,janiya.schroeder@wunschjaskolski.biz,713.119.7981,2016-10-19
Krystel,Mitchell,delphine.kub@zieme.org,172.888.9925 x540,2017-03-29
Jerome,Botsford,kadin@brekkekemmer.name,(430) 398-6651,2016-11-11
Tania,Larson,eladio_kaulke@cain.biz,(294) 408-2646 x10136,2017-05-06
Sonya,Corwin,wilmer@frami.info,642-951-4939 x770,2016-10-25
Brant,Leannon,gerson@runolfsdottir.com,(899) 890-3214 x8166,2017-02-14
Orin,Schamberger,price_leannon@armstrongkohler.name,(889) 871-4128 x26608,2017-01-07
Diana,Bergstrom,hiram@mullerfahey.net,1-769-284-1214 x7134,2017-01-04
Kelsi,MacGyver,freida@robel.org,316.774.2945 x8478,2016-07-28
Troy,Rosenbaum,kevon.white@farrellgoyette.biz,954-337-0571 x84956,2017-01-10
Addie,Wehner,jaycee@ferry.co,273-808-7475 x93939,2016-12-06
